Workbook

Sheet toll
A1: free way conditions | L1: %vehicles | N1: total | Q1: statistix | T1: max | W1: CS | X1: =SUM(AS10:AS1009) -> 3.6094803 | AN1: total d | AO1: =SUM(AL10:AL1009) -> 147854.68
B2: max | C2: current | E2: freeway flow | G2: ramp meter rate | I2: by pass rate | L2: car | M2: 0.9 | N2: =SUM(E10:E1009) -> 906 | Q2: toll veh | R2: =SUM(AB9:AB1009) -> 1 | T2: q | U2: =MAX(AA10:AA1009) -> 67 | AN2: total u | AO2: =SUM(AO10:AO1009) -> -591.05945
A3: speed | B3: 65 | C3: 25 | E3: Q | G3: q1 | I3: q2 | L3: truck | M3: =1-M2 -> 0.1 | N3: =SUM(D10:D1009) -> 94 | Q3: total u | R3: =SUM(AD10:AD1009) -> -587.60938 | T3: delay | U3: =MAX(AE10:AE1009) -> 672.09679 | AN3: trucks-d | AO3: =SUM(AP10:AP1009) -> 17585.236
A4: density | B4: 120 | C4: 75 | I4: q1+q2 | J4: =1/10 -> 0.1 | K4: vps | N4: =SUM(N2:N3) -> 1000 | Q4: total delay | R4: =SUM(AE10:AE1009) -> 147177.21 | T4: avg-q | U4: =AVERAGE(AA10:AA1009) -> 14.232
A5: # lanes | B5: 3 | G5: service time (max) (sec) | J5: 10 | Q5: (trucks) | R5: =SUM(AG10:AG1009) -> 16907.766
AJ6: d-nothing
G7: Value of Time($) | L7: ramp-meter | M7: expected departure | O7: expected delay | Q7: ramp | S7: Utility | AK7: expected | AL7: expected | AM7: utilities | AO7: Utility | AP7: trucks
A8: veh # | B8: avg-h | C8: rnd | D8: truck tag | E8: car tag | F8: rnd | G8: Car | H8: truck | I8: toll | J8: headway | K8: arrival time | L8: service time | M8: ramp | N8: bypass | O8: ramp | P8: bypass | Q8: queue# | R8: car | S8: tolled | T8: untolled | U8: util diff | V8: prob | W8: rand | X8: choice | Y8: departure | Z8: delay | AA8: actual q# | AB8: toll trucks | AC8: q2 (vps) | AD8: util (veh) | AE8: total (delay) | AF8: delay(cars) | AG8: delay(trucks) | AH8: CS (toll) | AJ8: service time | AK8: departure | AL8: delay | AM8: car | AN8: truck | AO8: util (veh) | AP8: delay | AR8: CS (dn) | AS8: delta(CS)
A9: 0 | K9: 0 | L9: 0 | M9: 0 | O9: 0 | Q9: 0 | AA9: 0 | AB9: 0 | AC9: 0
A10: 1 | B10: =IF(A10<$N$4/3,0.1,(IF(A10>2*$N$4/3,0.05,0.12))) -> 0.1 | C10: =RAND() -> 0.49581752 | D10: =IF((C10>$M$2),1,0) -> 0 | E10: =1-D10 -> 1 | F10: =RAND() -> 0.80882559 | G10: =7.75+F10*10 -> 15.838256 | H10: =LOGINV(F10,2.64,1.139) -> 37.901999 | I10: 19.5 | J10: 0 | K10: 0 | L10: =1/$J$4 -> 10 | M10: =L10 -> 10 | N10: =K10 -> 0 | O10: =M10-K10 -> 10 | P10: =N10-K10 -> 0 | Q10: 0 | R10: =-G10*(O10/3600) -> -0.043995155 | S10: =-1*I10-(H10*(P10/3600)) -> -19.5 | T10: =-H10*(O10/3600) -> -0.10528333 | U10: =T10-S10 -> 19.394717 | V10: =1/(1+EXP(U10)) -> 3.7755617e-09 | W10: =RAND() -> 0.33876423 | X10: =IF(W10<V10,1,0) -> 0 | Y10: =(M10*(1-X10)+N10*X10)*D10+M10*E10 -> 10 | Z10: =((1-X10)*O10+X10*P10)*D10+E10*O10 -> 10 | AA10: =IF(D10*X10>0,AA9,Q10) -> 0 | AB10: =(X10*D10) -> 0 | AC10: 0 | AD10: =R10*E10+D10*(X10*S10+(1-X10)*T10) -> -0.043995155 | AE10: =Z10 -> 10 | AF10: =E10*O10 -> 10 | AG10: =((1-X10)*O10+X10*P10)*D10 -> 0 | AH10: =D10*(LN(EXP(S10)+EXP(T10))) -> 0 | AJ10: =$J$5 -> 10 | AK10: =AJ10 -> 10 | AL10: =AJ10 -> 10 | AM10: =-G10*AL10/3600 -> -0.043995155 | AN10: =-H10*AL10/3600 -> -0.10528333 | AO10: =AM10*E10+AN10*D10 -> -0.043995155 | AP10: =AL10*D10 -> 0 | AR10: =AN10*D10 -> 0 | AS10: =AH10-AR10 -> 0
A11: =A10+1 -> 2 | B11: =IF(A11<$N$4/3,0.1,(IF(A11>2*$N$4/3,0.05,0.12))) -> 0.1 | C11: =RAND() -> 0.86925672 | D11: =IF((C11>$M$2),1,0) -> 0 | E11: =1-D11 -> 1 | F11: =RAND() -> 0.039183568 | G11: =7.75+F11*10 -> 8.1418357 | H11: =LOGINV(F11,2.64,1.139) -> 1.8871858 | I11: 19.5 | J11: =-LN(RAND())/B11 -> 0.90160919 | K11: =K10+J11 -> 0.90160919 | L11: =(1/$J$4)*(1+AB10) -> 10 | M11: =L11+MAX(K11,Y$10:Y10) -> 20 | N11: =K11 -> 0.90160919 | O11: =M11-K11 -> 19.098391 | P11: =N11-K11 -> 0 | Q11: =A11-MATCH(K11,$M$9:M10,1) -> 1 | R11: =-G11*(O11/3600) -> -0.043193322 | S11: =-1*I11-(H11*(P11/3600)) -> -19.5 | T11: =-H11*(O11/3600) -> -0.010011726 | U11: =T11-S11 -> 19.489988 | V11: =1/(1+EXP(U11)) -> 3.4324612e-09 | W11: =RAND() -> 0.71851028 | X11: =IF(W11<V11,1,0) -> 0 | Y11: =(M11*(1-X11)+N11*X11)*D11+M11*E11 -> 20 | Z11: =((1-X11)*O11+X11*P11)*D11+E11*O11 -> 19.098391 | AA11: =IF(D11*X11>0,AA10,Q11) -> 1 | AB11: =(X11*D11) -> 0 | AC11: =SUM(AB$10:AB10)/K11 -> 0 | AD11: =R11*E11+D11*(X11*S11+(1-X11)*T11) -> -0.043193322 | AE11: =Z11 -> 19.098391 | AF11: =E11*O11 -> 19.098391 | AG11: =((1-X11)*O11+X11*P11)*D11 -> 0 | AH11: =D11*(LN(EXP(S11)+EXP(T11))) -> 0 | AJ11: =$J$5 -> 10 | AK11: =AJ11+MAX(K11,AK$10:AK10) -> 20 | AL11: =AK11-K11 -> 19.098391 | AM11: =-G11*AL11/3600 -> -0.043193322 | AN11: =-H11*AL11/3600 -> -0.010011726 | AO11: =AM11*E11+AN11*D11 -> -0.043193322 | AP11: =AL11*D11 -> 0 | AR11: =AN11*D11 -> 0 | AS11: =AH11-AR11 -> 0
A12: =A11+1 -> 3 | B12: =IF(A12<$N$4/3,0.1,(IF(A12>2*$N$4/3,0.05,0.12))) -> 0.1 | C12: =RAND() -> 0.71832059 | D12: =IF((C12>$M$2),1,0) -> 0 | E12: =1-D12 -> 1 | F12: =RAND() -> 0.93370826 | G12: =7.75+F12*10 -> 17.087083 | H12: =LOGINV(F12,2.64,1.139) -> 77.714875 | I12: 19.5 | J12: =-LN(RAND())/B12 -> 5.7550767 | K12: =K11+J12 -> 6.6566859 | L12: =(1/$J$4)*(1+AB11) -> 10 | M12: =L12+MAX(K12,Y$10:Y11) -> 30 | N12: =K12 -> 6.6566859 | O12: =M12-K12 -> 23.343314 | P12: =N12-K12 -> 0 | Q12: =A12-MATCH(K12,$M$9:M11,1) -> 2 | R12: =-G12*(O12/3600) -> -0.11079698 | S12: =-1*I12-(H12*(P12/3600)) -> -19.5 | T12: =-H12*(O12/3600) -> -0.50392298 | U12: =T12-S12 -> 18.996077 | V12: =1/(1+EXP(U12)) -> 5.6248192e-09 | W12: =RAND() -> 0.97409633 | X12: =IF(W12<V12,1,0) -> 0 | Y12: =(M12*(1-X12)+N12*X12)*D12+M12*E12 -> 30 | Z12: =((1-X12)*O12+X12*P12)*D12+E12*O12 -> 23.343314 | AA12: =IF(D12*X12>0,AA11,Q12) -> 2 | AB12: =(X12*D12) -> 0 | AC12: =SUM(AB$10:AB11)/K12 -> 0 | AD12: =R12*E12+D12*(X12*S12+(1-X12)*T12) -> -0.11079698 | AE12: =Z12 -> 23.343314 | AF12: =E12*O12 -> 23.343314 | AG12: =((1-X12)*O12+X12*P12)*D12 -> 0 | AH12: =D12*(LN(EXP(S12)+EXP(T12))) -> 0 | AJ12: =$J$5 -> 10 | AK12: =AJ12+MAX(K12,AK$10:AK11) -> 30 | AL12: =AK12-K12 -> 23.343314 | AM12: =-G12*AL12/3600 -> -0.11079698 | AN12: =-H12*AL12/3600 -> -0.50392298 | AO12: =AM12*E12+AN12*D12 -> -0.11079698 | AP12: =AL12*D12 -> 0 | AR12: =AN12*D12 -> 0 | AS12: =AH12-AR12 -> 0
A13: =A12+1 -> 4 | B13: =IF(A13<$N$4/3,0.1,(IF(A13>2*$N$4/3,0.05,0.12))) -> 0.1 | C13: =RAND() -> 0.99927925 | D13: =IF((C13>$M$2),1,0) -> 1 | E13: =1-D13 -> 0 | F13: =RAND() -> 0.95132961 | G13: =7.75+F13*10 -> 17.263296 | H13: =LOGINV(F13,2.64,1.139) -> 92.603829 | I13: 19.5 | J13: =-LN(RAND())/B13 -> 27.766375 | K13: =K12+J13 -> 34.423061 | L13: =(1/$J$4)*(1+AB12) -> 10 | M13: =L13+MAX(K13,Y$10:Y12) -> 44.423061 | N13: =K13 -> 34.423061 | O13: =M13-K13 -> 10 | P13: =N13-K13 -> 0 | Q13: =A13-MATCH(K13,$M$9:M12,1) -> 0 | R13: =-G13*(O13/3600) -> -0.0479536 | S13: =-1*I13-(H13*(P13/3600)) -> -19.5 | T13: =-H13*(O13/3600) -> -0.25723286 | U13: =T13-S13 -> 19.242767 | V13: =1/(1+EXP(U13)) -> 4.395137e-09 | W13: =RAND() -> 0.58391921 | X13: =IF(W13<V13,1,0) -> 0 | Y13: =(M13*(1-X13)+N13*X13)*D13+M13*E13 -> 44.423061 | Z13: =((1-X13)*O13+X13*P13)*D13+E13*O13 -> 10 | AA13: =IF(D13*X13>0,AA12,Q13) -> 0 | AB13: =(X13*D13) -> 0 | AC13: =SUM(AB$10:AB12)/K13 -> 0 | AD13: =R13*E13+D13*(X13*S13+(1-X13)*T13) -> -0.25723286 | AE13: =Z13 -> 10 | AF13: =E13*O13 -> 0 | AG13: =((1-X13)*O13+X13*P13)*D13 -> 10 | AH13: =D13*(LN(EXP(S13)+EXP(T13))) -> -0.25723285 | AJ13: =$J$5 -> 10 | AK13: =AJ13+MAX(K13,AK$10:AK12) -> 44.423061 | AL13: =AK13-K13 -> 10 | AM13: =-G13*AL13/3600 -> -0.0479536 | AN13: =-H13*AL13/3600 -> -0.25723286 | AO13: =AM13*E13+AN13*D13 -> -0.25723286 | AP13: =AL13*D13 -> 10 | AR13: =AN13*D13 -> -0.25723286 | AS13: =AH13-AR13 -> 4.3951369e-09
A14: =A13+1 -> 5 | B14: =IF(A14<$N$4/3,0.1,(IF(A14>2*$N$4/3,0.05,0.12))) -> 0.1 | C14: =RAND() -> 0.013359142 | D14: =IF((C14>$M$2),1,0) -> 0 | E14: =1-D14 -> 1 | F14: =RAND() -> 0.37406992 | G14: =7.75+F14*10 -> 11.490699 | H14: =LOGINV(F14,2.64,1.139) -> 9.7208684 | I14: 19.5 | J14: =-LN(RAND())/B14 -> 22.881386 | K14: =K13+J14 -> 57.304447 | L14: =(1/$J$4)*(1+AB13) -> 10 | M14: =L14+MAX(K14,Y$10:Y13) -> 67.304447 | N14: =K14 -> 57.304447 | O14: =M14-K14 -> 10 | P14: =N14-K14 -> 0 | Q14: =A14-MATCH(K14,$M$9:M13,1) -> 0 | R14: =-G14*(O14/3600) -> -0.031918609 | S14: =-1*I14-(H14*(P14/3600)) -> -19.5 | T14: =-H14*(O14/3600) -> -0.027002412 | U14: =T14-S14 -> 19.472998 | V14: =1/(1+EXP(U14)) -> 3.4912794e-09 | W14: =RAND() -> 0.95956511 | X14: =IF(W14<V14,1,0) -> 0 | Y14: =(M14*(1-X14)+N14*X14)*D14+M14*E14 -> 67.304447 | Z14: =((1-X14)*O14+X14*P14)*D14+E14*O14 -> 10 | AA14: =IF(D14*X14>0,AA13,Q14) -> 0 | AB14: =(X14*D14) -> 0 | AC14: =SUM(AB$10:AB13)/K14 -> 0 | AD14: =R14*E14+D14*(X14*S14+(1-X14)*T14) -> -0.031918609 | AE14: =Z14 -> 10 | AF14: =E14*O14 -> 10 | AG14: =((1-X14)*O14+X14*P14)*D14 -> 0 | AH14: =D14*(LN(EXP(S14)+EXP(T14))) -> 0 | AJ14: =$J$5 -> 10 | AK14: =AJ14+MAX(K14,AK$10:AK13) -> 67.304447 | AL14: =AK14-K14 -> 10 | AM14: =-G14*AL14/3600 -> -0.031918609 | AN14: =-H14*AL14/3600 -> -0.027002412 | AO14: =AM14*E14+AN14*D14 -> -0.031918609 | AP14: =AL14*D14 -> 0 | AR14: =AN14*D14 -> 0 | AS14: =AH14-AR14 -> 0
A15: =A14+1 -> 6 | B15: =IF(A15<$N$4/3,0.1,(IF(A15>2*$N$4/3,0.05,0.12))) -> 0.1 | C15: =RAND() -> 0.79328428 | D15: =IF((C15>$M$2),1,0) -> 0 | E15: =1-D15 -> 1 | F15: =RAND() -> 0.4531393 | G15: =7.75+F15*10 -> 12.281393 | H15: =LOGINV(F15,2.64,1.139) -> 12.254598 | I15: 19.5 | J15: =-LN(RAND())/B15 -> 6.8616989 | K15: =K14+J15 -> 64.166146 | L15: =(1/$J$4)*(1+AB14) -> 10 | M15: =L15+MAX(K15,Y$10:Y14) -> 77.304447 | N15: =K15 -> 64.166146 | O15: =M15-K15 -> 13.138301 | P15: =N15-K15 -> 0 | Q15: =A15-MATCH(K15,$M$9:M14,1) -> 1 | R15: =-G15*(O15/3600) -> -0.044821289 | S15: =-1*I15-(H15*(P15/3600)) -> -19.5 | T15: =-H15*(O15/3600) -> -0.044723499 | U15: =T15-S15 -> 19.455277 | V15: =1/(1+EXP(U15)) -> 3.5537001e-09 | W15: =RAND() -> 0.97129414 | X15: =IF(W15<V15,1,0) -> 0 | Y15: =(M15*(1-X15)+N15*X15)*D15+M15*E15 -> 77.304447 | Z15: =((1-X15)*O15+X15*P15)*D15+E15*O15 -> 13.138301 | AA15: =IF(D15*X15>0,AA14,Q15) -> 1 | AB15: =(X15*D15) -> 0 | AC15: =SUM(AB$10:AB14)/K15 -> 0 | AD15: =R15*E15+D15*(X15*S15+(1-X15)*T15) -> -0.044821289 | AE15: =Z15 -> 13.138301 | AF15: =E15*O15 -> 13.138301 | AG15: =((1-X15)*O15+X15*P15)*D15 -> 0 | AH15: =D15*(LN(EXP(S15)+EXP(T15))) -> 0 | AJ15: =$J$5 -> 10 | AK15: =AJ15+MAX(K15,AK$10:AK14) -> 77.304447 | AL15: =AK15-K15 -> 13.138301 | AM15: =-G15*AL15/3600 -> -0.044821289 | AN15: =-H15*AL15/3600 -> -0.044723499 | AO15: =AM15*E15+AN15*D15 -> -0.044821289 | AP15: =AL15*D15 -> 0 | AR15: =AN15*D15 -> 0 | AS15: =AH15-AR15 -> 0
A16: =A15+1 -> 7 | B16: =IF(A16<$N$4/3,0.1,(IF(A16>2*$N$4/3,0.05,0.12))) -> 0.1 | C16: =RAND() -> 0.50825876 | D16: =IF((C16>$M$2),1,0) -> 0 | E16: =1-D16 -> 1 | F16: =RAND() -> 0.14430776 | G16: =7.75+F16*10 -> 9.1930776 | H16: =LOGINV(F16,2.64,1.139) -> 4.1842796 | I16: 19.5 | J16: =-LN(RAND())/B16 -> 26.572265 | K16: =K15+J16 -> 90.738411 | L16: =(1/$J$4)*(1+AB15) -> 10 | M16: =L16+MAX(K16,Y$10:Y15) -> 100.73841 | N16: =K16 -> 90.738411 | O16: =M16-K16 -> 10 | P16: =N16-K16 -> 0 | Q16: =A16-MATCH(K16,$M$9:M15,1) -> 0 | R16: =-G16*(O16/3600) -> -0.025536327 | S16: =-1*I16-(H16*(P16/3600)) -> -19.5 | T16: =-H16*(O16/3600) -> -0.011622999 | U16: =T16-S16 -> 19.488377 | V16: =1/(1+EXP(U16)) -> 3.4379963e-09 | W16: =RAND() -> 0.55502461 | X16: =IF(W16<V16,1,0) -> 0 | Y16: =(M16*(1-X16)+N16*X16)*D16+M16*E16 -> 100.73841 | Z16: =((1-X16)*O16+X16*P16)*D16+E16*O16 -> 10 | AA16: =IF(D16*X16>0,AA15,Q16) -> 0 | AB16: =(X16*D16) -> 0 | AC16: =SUM(AB$10:AB15)/K16 -> 0 | AD16: =R16*E16+D16*(X16*S16+(1-X16)*T16) -> -0.025536327 | AE16: =Z16 -> 10 | AF16: =E16*O16 -> 10 | AG16: =((1-X16)*O16+X16*P16)*D16 -> 0 | AH16: =D16*(LN(EXP(S16)+EXP(T16))) -> 0 | AJ16: =$J$5 -> 10 | AK16: =AJ16+MAX(K16,AK$10:AK15) -> 100.73841 | AL16: =AK16-K16 -> 10 | AM16: =-G16*AL16/3600 -> -0.025536327 | AN16: =-H16*AL16/3600 -> -0.011622999 | AO16: =AM16*E16+AN16*D16 -> -0.025536327 | AP16: =AL16*D16 -> 0 | AR16: =AN16*D16 -> 0 | AS16: =AH16-AR16 -> 0
A17: =A16+1 -> 8 | B17: =IF(A17<$N$4/3,0.1,(IF(A17>2*$N$4/3,0.05,0.12))) -> 0.1 | C17: =RAND() -> 0.075702092 | D17: =IF((C17>$M$2),1,0) -> 0 | E17: =1-D17 -> 1 | F17: =RAND() -> 0.72434584 | G17: =7.75+F17*10 -> 14.993458 | H17: =LOGINV(F17,2.64,1.139) -> 27.622125 | I17: 19.5 | J17: =-LN(RAND())/B17 -> 3.9151992 | K17: =K16+J17 -> 94.65361 | L17: =(1/$J$4)*(1+AB16) -> 10 | M17: =L17+MAX(K17,Y$10:Y16) -> 110.73841 | N17: =K17 -> 94.65361 | O17: =M17-K17 -> 16.084801 | P17: =N17-K17 -> 0 | Q17: =A17-MATCH(K17,$M$9:M16,1) -> 1 | R17: =-G17*(O17/3600) -> -0.066990776 | S17: =-1*I17-(H17*(P17/3600)) -> -19.5 | T17: =-H17*(O17/3600) -> -0.12341566 | U17: =T17-S17 -> 19.376584 | V17: =1/(1+EXP(U17)) -> 3.8446459e-09 | W17: =RAND() -> 0.88878048 | X17: =IF(W17<V17,1,0) -> 0 | Y17: =(M17*(1-X17)+N17*X17)*D17+M17*E17 -> 110.73841 | Z17: =((1-X17)*O17+X17*P17)*D17+E17*O17 -> 16.084801 | AA17: =IF(D17*X17>0,AA16,Q17) -> 1 | AB17: =(X17*D17) -> 0 | AC17: =SUM(AB$10:AB16)/K17 -> 0 | AD17: =R17*E17+D17*(X17*S17+(1-X17)*T17) -> -0.066990776 | AE17: =Z17 -> 16.084801 | AF17: =E17*O17 -> 16.084801 | AG17: =((1-X17)*O17+X17*P17)*D17 -> 0 | AH17: =D17*(LN(EXP(S17)+EXP(T17))) -> 0 | AJ17: =$J$5 -> 10 | AK17: =AJ17+MAX(K17,AK$10:AK16) -> 110.73841 | AL17: =AK17-K17 -> 16.084801 | AM17: =-G17*AL17/3600 -> -0.066990776 | AN17: =-H17*AL17/3600 -> -0.12341566 | AO17: =AM17*E17+AN17*D17 -> -0.066990776 | AP17: =AL17*D17 -> 0 | AR17: =AN17*D17 -> 0 | AS17: =AH17-AR17 -> 0
A18: =A17+1 -> 9 | B18: =IF(A18<$N$4/3,0.1,(IF(A18>2*$N$4/3,0.05,0.12))) -> 0.1 | C18: =RAND() -> 0.78348829 | D18: =IF((C18>$M$2),1,0) -> 0 | E18: =1-D18 -> 1 | F18: =RAND() -> 0.46772319 | G18: =7.75+F18*10 -> 12.427232 | H18: =LOGINV(F18,2.64,1.139) -> 12.778286 | I18: 19.5 | J18: =-LN(RAND())/B18 -> 7.7427028 | K18: =K17+J18 -> 102.39631 | L18: =(1/$J$4)*(1+AB17) -> 10 | M18: =L18+MAX(K18,Y$10:Y17) -> 120.73841 | N18: =K18 -> 102.39631 | O18: =M18-K18 -> 18.342098 | P18: =N18-K18 -> 0 | Q18: =A18-MATCH(K18,$M$9:M17,1) -> 1 | R18: =-G18*(O18/3600) -> -0.063317085 | S18: =-1*I18-(H18*(P18/3600)) -> -19.5 | T18: =-H18*(O18/3600) -> -0.065105717 | U18: =T18-S18 -> 19.434894 | V18: =1/(1+EXP(U18)) -> 3.6268756e-09 | W18: =RAND() -> 0.4476133 | X18: =IF(W18<V18,1,0) -> 0 | Y18: =(M18*(1-X18)+N18*X18)*D18+M18*E18 -> 120.73841 | Z18: =((1-X18)*O18+X18*P18)*D18+E18*O18 -> 18.342098 | AA18: =IF(D18*X18>0,AA17,Q18) -> 1 | AB18: =(X18*D18) -> 0 | AC18: =SUM(AB$10:AB17)/K18 -> 0 | AD18: =R18*E18+D18*(X18*S18+(1-X18)*T18) -> -0.063317085 | AE18: =Z18 -> 18.342098 | AF18: =E18*O18 -> 18.342098 | AG18: =((1-X18)*O18+X18*P18)*D18 -> 0 | AH18: =D18*(LN(EXP(S18)+EXP(T18))) -> 0 | AJ18: =$J$5 -> 10 | AK18: =AJ18+MAX(K18,AK$10:AK17) -> 120.73841 | AL18: =AK18-K18 -> 18.342098 | AM18: =-G18*AL18/3600 -> -0.063317085 | AN18: =-H18*AL18/3600 -> -0.065105717 | AO18: =AM18*E18+AN18*D18 -> -0.063317085 | AP18: =AL18*D18 -> 0 | AR18: =AN18*D18 -> 0 | AS18: =AH18-AR18 -> 0
A19: =A18+1 -> 10 | B19: =IF(A19<$N$4/3,0.1,(IF(A19>2*$N$4/3,0.05,0.12))) -> 0.1 | C19: =RAND() -> 0.33237481 | D19: =IF((C19>$M$2),1,0) -> 0 | E19: =1-D19 -> 1 | F19: =RAND() -> 0.97217597 | G19: =7.75+F19*10 -> 17.47176 | H19: =LOGINV(F19,2.64,1.139) -> 123.93997 | I19: 19.5 | J19: =-LN(RAND())/B19 -> 4.7847875 | K19: =K18+J19 -> 107.1811 | L19: =(1/$J$4)*(1+AB18) -> 10 | M19: =L19+MAX(K19,Y$10:Y18) -> 130.73841 | N19: =K19 -> 107.1811 | O19: =M19-K19 -> 23.557311 | P19: =N19-K19 -> 0 | Q19: =A19-MATCH(K19,$M$9:M18,1) -> 2 | R19: =-G19*(O19/3600) -> -0.11432991 | S19: =-1*I19-(H19*(P19/3600)) -> -19.5 | T19: =-H19*(O19/3600) -> -0.81102567 | U19: =T19-S19 -> 18.688974 | V19: =1/(1+EXP(U19)) -> 7.6468324e-09 | W19: =RAND() -> 0.45539035 | X19: =IF(W19<V19,1,0) -> 0 | Y19: =(M19*(1-X19)+N19*X19)*D19+M19*E19 -> 130.73841 | Z19: =((1-X19)*O19+X19*P19)*D19+E19*O19 -> 23.557311 | AA19: =IF(D19*X19>0,AA18,Q19) -> 2 | AB19: =(X19*D19) -> 0 | AC19: =SUM(AB$10:AB18)/K19 -> 0 | AD19: =R19*E19+D19*(X19*S19+(1-X19)*T19) -> -0.11432991 | AE19: =Z19 -> 23.557311 | AF19: =E19*O19 -> 23.557311 | AG19: =((1-X19)*O19+X19*P19)*D19 -> 0 | AH19: =D19*(LN(EXP(S19)+EXP(T19))) -> 0 | AJ19: =$J$5 -> 10 | AK19: =AJ19+MAX(K19,AK$10:AK18) -> 130.73841 | AL19: =AK19-K19 -> 23.557311 | AM19: =-G19*AL19/3600 -> -0.11432991 | AN19: =-H19*AL19/3600 -> -0.81102567 | AO19: =AM19*E19+AN19*D19 -> -0.11432991 | AP19: =AL19*D19 -> 0 | AR19: =AN19*D19 -> 0 | AS19: =AH19-AR19 -> 0
A20: =A19+1 -> 11 | B20: =IF(A20<$N$4/3,0.1,(IF(A20>2*$N$4/3,0.05,0.12))) -> 0.1 | C20: =RAND() -> 0.54972039 | D20: =IF((C20>$M$2),1,0) -> 0 | E20: =1-D20 -> 1 | F20: =RAND() -> 0.15947449 | G20: =7.75+F20*10 -> 9.3447449 | H20: =LOGINV(F20,2.64,1.139) -> 4.503477 | I20: 19.5 | J20: =-LN(RAND())/B20 -> 0.31372969 | K20: =K19+J20 -> 107.49483 | L20: =(1/$J$4)*(1+AB19) -> 10 | M20: =L20+MAX(K20,Y$10:Y19) -> 140.73841 | N20: =K20 -> 107.49483 | O20: =M20-K20 -> 33.243581 | P20: =N20-K20 -> 0 | Q20: =A20-MATCH(K20,$M$9:M19,1) -> 3 | R20: =-G20*(O20/3600) -> -0.086292439 | S20: =-1*I20-(H20*(P20/3600)) -> -19.5 | T20: =-H20*(O20/3600) -> -0.041586584 | U20: =T20-S20 -> 19.458413 | V20: =1/(1+EXP(U20)) -> 3.5425699e-09 | W20: =RAND() -> 0.36823348 | X20: =IF(W20<V20,1,0) -> 0 | Y20: =(M20*(1-X20)+N20*X20)*D20+M20*E20 -> 140.73841 | Z20: =((1-X20)*O20+X20*P20)*D20+E20*O20 -> 33.243581 | AA20: =IF(D20*X20>0,AA19,Q20) -> 3 | AB20: =(X20*D20) -> 0 | AC20: =SUM(AB$10:AB19)/K20 -> 0 | AD20: =R20*E20+D20*(X20*S20+(1-X20)*T20) -> -0.086292439 | AE20: =Z20 -> 33.243581 | AF20: =E20*O20 -> 33.243581 | AG20: =((1-X20)*O20+X20*P20)*D20 -> 0 | AH20: =D20*(LN(EXP(S20)+EXP(T20))) -> 0 | AJ20: =$J$5 -> 10 | AK20: =AJ20+MAX(K20,AK$10:AK19) -> 140.73841 | AL20: =AK20-K20 -> 33.243581 | AM20: =-G20*AL20/3600 -> -0.086292439 | AN20: =-H20*AL20/3600 -> -0.041586584 | AO20: =AM20*E20+AN20*D20 -> -0.086292439 | AP20: =AL20*D20 -> 0 | AR20: =AN20*D20 -> 0 | AS20: =AH20-AR20 -> 0
A21: =A20+1 -> 12 | B21: =IF(A21<$N$4/3,0.1,(IF(A21>2*$N$4/3,0.05,0.12))) -> 0.1 | C21: =RAND() -> 0.78759523 | D21: =IF((C21>$M$2),1,0) -> 0 | E21: =1-D21 -> 1 | F21: =RAND() -> 0.65305918 | G21: =7.75+F21*10 -> 14.280592 | H21: =LOGINV(F21,2.64,1.139) -> 21.939799 | I21: 19.5 | J21: =-LN(RAND())/B21 -> 3.0145743 | K21: =K20+J21 -> 110.5094 | L21: =(1/$J$4)*(1+AB20) -> 10 | M21: =L21+MAX(K21,Y$10:Y20) -> 150.73841 | N21: =K21 -> 110.5094 | O21: =M21-K21 -> 40.229007 | P21: =N21-K21 -> 0 | Q21: =A21-MATCH(K21,$M$9:M20,1) -> 4 | R21: =-G21*(O21/3600) -> -0.15958167 | S21: =-1*I21-(H21*(P21/3600)) -> -19.5 | T21: =-H21*(O21/3600) -> -0.24517119 | U21: =T21-S21 -> 19.254829 | V21: =1/(1+EXP(U21)) -> 4.3424427e-09 | W21: =RAND() -> 0.30046966 | X21: =IF(W21<V21,1,0) -> 0 | Y21: =(M21*(1-X21)+N21*X21)*D21+M21*E21 -> 150.73841 | Z21: =((1-X21)*O21+X21*P21)*D21+E21*O21 -> 40.229007 | AA21: =IF(D21*X21>0,AA20,Q21) -> 4 | AB21: =(X21*D21) -> 0 | AC21: =SUM(AB$10:AB20)/K21 -> 0 | AD21: =R21*E21+D21*(X21*S21+(1-X21)*T21) -> -0.15958167 | AE21: =Z21 -> 40.229007 | AF21: =E21*O21 -> 40.229007 | AG21: =((1-X21)*O21+X21*P21)*D21 -> 0 | AH21: =D21*(LN(EXP(S21)+EXP(T21))) -> 0 | AJ21: =$J$5 -> 10 | AK21: =AJ21+MAX(K21,AK$10:AK20) -> 150.73841 | AL21: =AK21-K21 -> 40.229007 | AM21: =-G21*AL21/3600 -> -0.15958167 | AN21: =-H21*AL21/3600 -> -0.24517119 | AO21: =AM21*E21+AN21*D21 -> -0.15958167 | AP21: =AL21*D21 -> 0 | AR21: =AN21*D21 -> 0 | AS21: =AH21-AR21 -> 0
A22: =A21+1 -> 13 | B22: =IF(A22<$N$4/3,0.1,(IF(A22>2*$N$4/3,0.05,0.12))) -> 0.1 | C22: =RAND() -> 0.99670935 | D22: =IF((C22>$M$2),1,0) -> 1 | E22: =1-D22 -> 0 | F22: =RAND() -> 0.045305734 | G22: =7.75+F22*10 -> 8.2030573 | H22: =LOGINV(F22,2.64,1.139) -> 2.0392984 | I22: 19.5 | J22: =-LN(RAND())/B22 -> 4.1287701 | K22: =K21+J22 -> 114.63817 | L22: =(1/$J$4)*(1+AB21) -> 10 | M22: =L22+MAX(K22,Y$10:Y21) -> 160.73841 | N22: =K22 -> 114.63817 | O22: =M22-K22 -> 46.100236 | P22: =N22-K22 -> 0 | Q22: =A22-MATCH(K22,$M$9:M21,1) -> 4 | R22: =-G22*(O22/3600) -> -0.10504525 | S22: =-1*I22-(H22*(P22/3600)) -> -19.5 | T22: =-H22*(O22/3600) -> -0.026114483 | U22: =T22-S22 -> 19.473886 | V22: =1/(1+EXP(U22)) -> 3.4881807e-09 | W22: =RAND() -> 0.73586562 | X22: =IF(W22<V22,1,0) -> 0 | Y22: =(M22*(1-X22)+N22*X22)*D22+M22*E22 -> 160.73841 | Z22: =((1-X22)*O22+X22*P22)*D22+E22*O22 -> 46.100236 | AA22: =IF(D22*X22>0,AA21,Q22) -> 4 | AB22: =(X22*D22) -> 0 | AC22: =SUM(AB$10:AB21)/K22 -> 0 | AD22: =R22*E22+D22*(X22*S22+(1-X22)*T22) -> -0.026114483 | AE22: =Z22 -> 46.100236 | AF22: =E22*O22 -> 0 | AG22: =((1-X22)*O22+X22*P22)*D22 -> 46.100236 | AH22: =D22*(LN(EXP(S22)+EXP(T22))) -> -0.02611448 | AJ22: =$J$5 -> 10 | AK22: =AJ22+MAX(K22,AK$10:AK21) -> 160.73841 | AL22: =AK22-K22 -> 46.100236 | AM22: =-G22*AL22/3600 -> -0.10504525 | AN22: =-H22*AL22/3600 -> -0.026114483 | AO22: =AM22*E22+AN22*D22 -> -0.026114483 | AP22: =AL22*D22 -> 46.100236 | AR22: =AN22*D22 -> -0.026114483 | AS22: =AH22-AR22 -> 3.4881807e-09
... A1009: =A1008+1 -> 1000 | B1009: =IF(A1009<$N$4/3,0.1,(IF(A1009>2*$N$4/3,0.05,0.12))) -> 0.05 | C1009: =RAND() -> 0.11015516 | D1009: =IF((C1009>$M$2),1,0) -> 0 | E1009: =1-D1009 -> 1 | F1009: =RAND() -> 0.57033495 | G1009: =7.75+F1009*10 -> 13.453349 | H1009: =LOGINV(F1009,2.64,1.139) -> 17.147657 | I1009: 19.5 | J1009: =-LN(RAND())/B1009 -> 33.231183 | K1009: =K1008+J1009 -> 12640.026 | L1009: =(1/$J$4)*(1+AB1008) -> 10 | M1009: =L1009+MAX(K1009,Y$10:Y1008) -> 12650.026 | N1009: =K1009 -> 12640.026 | O1009: =M1009-K1009 -> 10 | P1009: =N1009-K1009 -> 0 | Q1009: =A1009-MATCH(K1009,$M$9:M1008,1) -> 0 | R1009: =-G1009*(O1009/3600) -> -0.037370415 | S1009: =-1*I1009-(H1009*(P1009/3600)) -> -19.5 | T1009: =-H1009*(O1009/3600) -> -0.04763238 | U1009: =T1009-S1009 -> 19.452368 | V1009: =1/(1+EXP(U1009)) -> 3.5640524e-09 | W1009: =RAND() -> 0.54228943 | X1009: =IF(W1009<V1009,1,0) -> 0 | Y1009: =(M1009*(1-X1009)+N1009*X1009)*D1009+M1009*E1009 -> 12650.026 | Z1009: =((1-X1009)*O1009+X1009*P1009)*D1009+E1009*O1009 -> 10 | AA1009: =IF(D1009*X1009>0,AA1008,Q1009) -> 0 | AB1009: =(X1009*D1009) -> 0 | AC1009: =SUM(AB$10:AB1008)/K1009 -> 7.9113761e-05 | AD1009: =R1009*E1009+D1009*(X1009*S1009+(1-X1009)*T1009) -> -0.037370415 | AE1009: =Z1009 -> 10 | AF1009: =E1009*O1009 -> 10 | AG1009: =((1-X1009)*O1009+X1009*P1009)*D1009 -> 0 | AH1009: =D1009*(LN(EXP(S1009)+EXP(T1009))) -> 0 | AJ1009: =$J$5 -> 10 | AK1009: =AJ1009+MAX(K1009,AK$10:AK1008) -> 12650.026 | AL1009: =AK1009-K1009 -> 10 | AM1009: =-G1009*AL1009/3600 -> -0.037370415 | AN1009: =-H1009*AL1009/3600 -> -0.04763238 | AO1009: =AM1009*E1009+AN1009*D1009 -> -0.037370415 | AP1009: =AL1009*D1009 -> 0 | AR1009: =AN1009*D1009 -> 0 | AS1009: =AH1009-AR1009 -> 0
I1010: 0.5
H1011: =AVERAGE(H10:H1009) -> 24.702802

Sheet comp
B1: tolled
B2: trucks | C2: tolled units | D2: utility | E2: delay | F2: truckes-d | G2: CS | I2: utility | J2: delay | K2: truckers-d
B3: =toll!N3 -> 94 | C3: =toll!R2 -> 1 | D3: =toll!R3 -> -587.60938 | E3: =toll!R4 -> 147177.21 | F3: =toll!R5 -> 16907.766 | G3: =toll!X1 -> 3.6094803 | I3: =toll!AO2 -> -591.05945 | J3: =toll!AO1 -> 147854.68 | K3: =toll!AO3 -> 17585.236
A9: iter | B9: trucks | C9: tolled units | D9: utility | E9: delay | F9: truckes-d | G9: CS | I9: utility | J9: delay | K9: truckers-d
A10: 1 | B10: 123 | C10: 0 | D10: -616.38542 | E10: 142914.86 | F10: 17509.427 | G10: 0.0017949146 | I10: -616.38542 | J10: 142914.86 | K10: 17509.427
A11: 2 | B11: 102 | C11: 1 | D11: -672.82156 | E11: 172574.89 | F11: 17320.492 | G11: 5.0765167 | I11: -677.88493 | J11: 173019.09 | K11: 17764.698
A12: 3 | B12: 106 | C12: 0 | D12: -512.95046 | E12: 136808 | F12: 14791.933 | G12: 1.0259396e-05 | I12: -512.95046 | J12: 136808 | K12: 14791.933
A13: 4 | B13: 98 | C13: 2 | D13: -1180.9953 | E13: 306614.57 | F13: 26377.617 | G13: 43.991762 | I13: -1224.987 | J13: 308222.51 | K13: 27985.559
A14: 5 | B14: 104 | C14: 0 | D14: -515.59675 | E14: 136937.87 | F14: 15804.438 | G14: 2.4965551e-05 | I14: -515.59675 | J14: 136937.87 | K14: 15804.438
A15: 6 | B15: 90 | C15: 1 | D15: -1019.1114 | E15: 264465.79 | F15: 22254.25 | G15: 6.4179525 | I15: -1025.5238 | J15: 265028.19 | K15: 22816.641
A16: 7 | B16: 94 | C16: 0 | D16: -381.84737 | E16: 96597.612 | F16: 9994.8908 | G16: 1.195809e-05 | I16: -381.84737 | J16: 96597.612 | K16: 9994.8908
A17: 8 | B17: 114 | C17: 1 | D17: -777.75478 | E17: 192882.41 | F17: 23684.617 | G17: 20.96578 | I17: -798.7198 | J17: 193456.88 | K17: 24259.092
A18: 9 | B18: 110 | C18: 1 | D18: -889.7821 | E18: 234323.76 | F18: 25800.992 | G18: 7.5624538 | I18: -897.34339 | J18: 234923.86 | K18: 26401.094
A19: 10 | B19: 92 | C19: 0 | D19: -473.88959 | E19: 127500.15 | F19: 12258.175 | G19: 2.2739128e-06 | I19: -473.88959 | J19: 127500.15 | K19: 12258.175
A20: 11 | B20: 97 | C20: 2 | D20: -591.0003 | E20: 141882.32 | F20: 11383.264 | G20: 19.098049 | I20: -609.53828 | J20: 142950.88 | K20: 12451.822
A21: 12 | B21: 101 | C21: 0 | D21: -862.78169 | E21: 229343.79 | F21: 21601.647 | G21: 0.018631061 | I21: -862.78169 | J21: 229343.79 | K21: 21601.647
... A59: 50 | B59: 110 | C59: 0 | D59: -502.05345 | E59: 126191.14 | F59: 14401.308 | G59: 0.00083684565 | I59: -502.05345 | J59: 126191.14 | K59: 14401.308
A62: mean | B62: =AVERAGE(B10:B59) -> 102.04 | C62: =AVERAGE(C10:C59) -> 0.74 | D62: =AVERAGE(D10:D59) -> -754.03871 | E62: =AVERAGE(E10:E59) -> 193519.88 | F62: =AVERAGE(F10:F59) -> 18907.823 | G62: =AVERAGE(G10:G59) -> 10.885856 | I62: =AVERAGE(I10:I59) -> -764.7322 | J62: =AVERAGE(J10:J59) -> 194015.52 | K62: =AVERAGE(K10:K59) -> 19403.466
A63: stdev | B63: =STDEV(B10:B59) -> 8.6211889 | C63: =STDEV(C10:C59) -> 0.92162235 | D63: =STDEV(D10:D59) -> 244.02988 | E63: =STDEV(E10:E59) -> 63837.977 | F63: =STDEV(F10:F59) -> 5985.249 | G63: =STDEV(G10:G59) -> 22.193551 | I63: =STDEV(I10:I59) -> 249.17578 | J63: =STDEV(J10:J59) -> 64219.653 | K63: =STDEV(K10:K59) -> 6324.4832

Sheet results
A3: toll | B3: trucks | C3: tolled units | D3: utility | E3: delay | F3: truckes-d | G3: CS | I3: utility | J3: delay | K3: truckers-d
A4: 0 | B4: 102.1 | C4: 68.22 | D4: -617.02813 | E4: 175004.56 | F4: 3930.1459 | G4: 189.39299 | I4: -772.10179 | J4: 196840.81 | K4: 19265.137
A5: 0.5 | B5: 98.96 | C5: 56.2 | D5: -732.81189 | E5: 200387.01 | F5: 5620.9383 | G5: 174.15159 | I5: -869.32441 | J5: 221957.67 | K5: 22019.179
A6: 1 | B6: 100.68 | C6: 48.3 | D6: -746.18376 | E6: 198685.78 | F6: 7293.9566 | G6: 163.66964 | I6: -870.25023 | J6: 218025.12 | K6: 22269.597
A7: 1.5 | B7: 100.16 | C7: 37.88 | D7: -723.11367 | E7: 188913.1 | F7: 8718.0155 | G7: 123.96555 | I7: -808.53249 | J7: 204079.13 | K7: 20732.217
A8: 2 | B8: 98.7 | C8: 29.32 | D8: -719.01139 | E8: 187136.11 | F8: 10240.423 | G8: 96.132941 | I8: -778.87098 | J8: 198943.08 | K8: 20270.385
A9: 2.5 | B9: 100.38 | C9: 23.3 | D9: -720.9473 | E9: 187503.02 | F9: 11404.007 | G9: 88.379 | I9: -778.02339 | J9: 197024.48 | K9: 19764.274
A10: 3 | B10: 98.88 | C10: 19.92 | D10: -783.5944 | E10: 204058.24 | F10: 12974.643 | G10: 84.802182 | I10: -842.18729 | J10: 213428.24 | K10: 21234.246
A11: 3.5 | B11: 101.42 | C11: 15.26 | D11: -770.29757 | E11: 202271.05 | F11: 14338.676 | G11: 73.354011 | I11: -823.47617 | J11: 209319.45 | K11: 20831.051
A12: 4 | B12: 100.22 | C12: 13.54 | D12: -802.11586 | E12: 209918.99 | F12: 14792.101 | G12: 68.175258 | I12: -853.45918 | J12: 216649.99 | K12: 21062.37
A13: 4.5 | B13: 100.06 | C13: 10.52 | D13: -744.53934 | E13: 194455.78 | F13: 15153.288 | G13: 51.765533 | I13: -782.76681 | J13: 199553.36 | K13: 19927.302
A14: 5 | B14: 98.32 | C14: 9.22 | D14: -772.76227 | E14: 202935.96 | F14: 15907.8 | G14: 54.591915 | I14: -817.795 | J14: 207928.49 | K14: 20502.032
A15: 5.5 | B15: 100.56 | C15: 8.62 | D15: -803.71961 | E15: 210656.66 | F15: 17309.294 | G15: 55.518692 | I15: -850.85263 | J15: 215452.19 | K15: 21815.625
... A43: 19.5 | B43: 102.04 | C43: 0.74 | D43: -754.03871 | E43: 193519.88 | F43: 18907.823 | G43: 10.885856 | I43: -764.7322 | J43: 194015.52 | K43: 19403.466
